{
  "min_user_interactions": 10,
  "min_track_interactions": 5,
  "max_seq_len": 100,
  "min_seq_len": 5,
  "hidden_size": 256,
  "num_blocks": 3,
  "num_heads": 2,
  "dropout": 0.2,
  "epochs": 100,
  "batch_size": 256,
  "lr": 0.001,
  "weight_decay": 0.0001,
  "num_neg_samples": 100,
  "patience": 15,
  "eval_k": [
    5,
    10,
    20,
    50
  ],
  "num_eval_neg": 100,
  "seed": 42,
  "num_items": 63066,
  "test_metrics": {
    "Hit@5": 0.06086078460897987,
    "NDCG@5": 0.04390362276169692,
    "P@5": 0.012172156921795975,
    "R@5": 0.06086078460897987,
    "F1@5": 0.02028692820299329,
    "Hit@10": 0.08683135955782705,
    "NDCG@10": 0.05226024229235289,
    "P@10": 0.008683135955782705,
    "R@10": 0.08683135955782705,
    "F1@10": 0.015787519919604916,
    "Hit@20": 0.1226250476097682,
    "NDCG@20": 0.06127061763727857,
    "P@20": 0.00613125238048841,
    "R@20": 0.1226250476097682,
    "F1@20": 0.011678575962835065,
    "Hit@50": 0.1928572061259378,
    "NDCG@50": 0.07512124545128838,
    "P@50": 0.0038571441225187563,
    "R@50": 0.1928572061259378,
    "F1@50": 0.007563027691213247,
    "MRR": 0.04888759801872356
  }
}